housing,y
no,16.70235546038544
yes,7.699960206923995
