age_group,y
18-30,16.21544599601026
31-45,9.880756752201576
46-60,9.781297134238311
60+,42.255892255892256
